Informant_ID,Competence
1,0.8710775081460078
2,0.8293798315668298
5,0.8290573463439561
4,0.79132465157884
3,0.7325857742209901
6,0.6852107061439432
